{
  "project_info": {
    "project_number": "49788908050",
    "project_id": "uniuhb-6797d",
    "storage_bucket": "uniuhb-6797d.appspot.com"
  },
  "client": [
    {
      "client_info": {
        "mobilesdk_app_id": "1:49788908050:android:4e4907a549c60d19931ecb",
        "android_client_info": {
          "package_name": "com.example.uhbapp"
        }
      },
      "oauth_client": [],
      "api_key": [
        {
          "current_key": "AIzaSyC3AXk0H-Nb1V1edcMVrJkl5J2elZNx_rU"
        }
      ],
      "services": {
        "appinvite_service": {
          "other_platform_oauth_client": []
        }
      }
    }
  ],
  "configuration_version": "1"
}